country,crop,legal crop,lag_years,years,n,spearman_r,p
COL,coca,"Coffee, Arabica",0,2003-2024,22,0.2,0.36
COL,coca,"Coffee, Arabica",1,2004-2024,21,-0.11,0.646
PER,coca,"Coffee, Arabica",0,2003-2024,22,0.15,0.513
PER,coca,"Coffee, Arabica",1,2004-2024,21,0.11,0.638
BOL,coca,"Coffee, Arabica",0,2003-2024,22,0.01,0.97
BOL,coca,"Coffee, Arabica",1,2004-2024,21,-0.23,0.308
COL,coca,Cocoa,0,2003-2024,22,0.04,0.855
COL,coca,Cocoa,1,2004-2024,21,-0.02,0.929
PER,coca,Cocoa,0,2003-2024,22,-0.37,0.091
PER,coca,Cocoa,1,2004-2024,21,-0.03,0.911
AFG,opium_poppy,"Wheat, US HRW",0,2000-2025,26,0.3,0.132
AFG,opium_poppy,"Wheat, US HRW",1,2001-2025,25,-0.26,0.215
MMR,opium_poppy,"Rice, Thai 5%",0,2000-2025,24,-0.47,0.022
MMR,opium_poppy,"Rice, Thai 5%",1,2001-2025,22,-0.24,0.28
LAO,opium_poppy,"Rice, Thai 5%",0,2000-2014,15,-0.31,0.26
LAO,opium_poppy,"Rice, Thai 5%",1,2001-2014,14,-0.2,0.483
MEX,opium_poppy,Maize,0,2000-2022,23,-0.25,0.25
MEX,opium_poppy,Maize,1,2001-2022,22,-0.07,0.744
