indicator,producers,all others,n,p,income peers,p_peers
"Agriculture, % of GDP",9.2,6.0,7/197,0.15,12.2,0.85
"Farm jobs, % of employment",28.0,16.4,7/180,0.099,31.6,0.85
"Rural population, %",31.0,37.7,7/210,0.68,48.7,0.42
"Cereal yield, kg/ha",3722.9,3024.6,7/173,0.48,2043.2,0.034
"Agricultural land, % of area",35.3,38.6,7/203,0.66,42.2,0.23
"Forest, % of area",47.6,29.8,7/207,0.12,28.4,0.15
"Forest change 2011-21, pp",-1.5,0.0,7/205,0.0096,-0.0,0.059
"Food, % of goods exports",18.9,16.2,7/181,0.72,22.9,0.68
"Undernourishment, %",5.8,6.1,6/162,0.48,10.3,0.5
