iso3,drug,prior_share,recent_share,ratio,emerging,rise_start
IRN,heroin,0.3722,0.3464,0.93,False,
AFG,heroin,0.3525,0.3402,0.97,False,
COL,cocaine,0.3196,0.3189,1.0,False,
PAK,cannabis,0.2257,0.192,0.85,False,
COL,cannabis,0.0974,0.1799,1.85,True,2022.0
PER,cocaine,0.1565,0.172,1.1,False,
MEX,meth,0.2572,0.1704,0.66,False,
USA,meth,0.2572,0.1704,0.66,False,
ECU,cocaine,0.109,0.1675,1.54,True,2023.0
MMR,meth,0.1291,0.1603,1.24,False,2024.0
PAK,heroin,0.1286,0.1417,1.1,False,
IRN,meth,0.0538,0.1276,2.37,True,2022.0
IND,cannabis,0.0617,0.1238,2.01,True,2022.0
THA,meth,0.0973,0.1023,1.05,False,
USA,cocaine,0.1339,0.0997,0.74,False,
TUR,meth,0.0326,0.0987,3.03,True,2022.0
IRN,cannabis,0.0896,0.0934,1.04,False,
BRA,cannabis,0.0485,0.0865,1.79,True,2022.0
USA,cannabis,0.1055,0.0671,0.64,False,
MEX,cannabis,0.1055,0.0671,0.64,False,
PER,cannabis,0.0236,0.0608,2.57,True,2022.0
LAO,meth,0.0635,0.0597,0.94,False,
BRA,cocaine,0.0853,0.0558,0.65,False,
BEL,cocaine,0.0341,0.0534,1.56,True,2021.0
MMR,heroin,0.0203,0.0466,2.3,True,2023.0
PAN,cocaine,0.0769,0.0432,0.56,False,
CHN,meth,0.0562,0.0419,0.75,False,
TUR,heroin,0.0506,0.0394,0.78,False,
PAN,cannabis,0.0139,0.0352,2.54,True,2021.0
IND,heroin,0.0137,0.033,2.4,True,2022.0
BOL,cocaine,0.032,0.0314,0.98,False,
PAK,meth,0.0172,0.0304,1.76,True,2022.0
MEX,cocaine,0.0219,0.0293,1.34,False,
TUR,cannabis,0.0193,0.0276,1.43,False,2023.0
ECU,cannabis,0.0205,0.0254,1.24,False,2024.0
IND,meth,0.011,0.0198,1.81,False,2020.0
ESP,cocaine,0.0194,0.0187,0.96,False,2020.0
AFG,meth,0.0248,0.0184,0.74,False,
CHN,heroin,0.0121,0.0119,0.99,False,2019.0
AFG,cannabis,0.1761,0.0114,0.06,False,
NLD,cannabis,0.0017,0.011,6.52,False,2019.0
THA,heroin,0.005,0.011,2.21,False,2021.0
NLD,cocaine,0.0114,0.0102,0.89,False,2019.0
ESP,cannabis,0.0017,0.0096,5.73,False,2019.0
USA,heroin,0.0191,0.0084,0.44,False,
MEX,heroin,0.0182,0.0067,0.36,False,
NLD,heroin,0.0038,0.0058,1.55,False,2021.0
LAO,heroin,0.0022,0.0057,2.54,False,2023.0
BOL,cannabis,0.0007,0.0038,5.17,False,2021.0
LAO,cannabis,0.0032,0.002,0.64,False,2021.0
THA,cannabis,0.0032,0.002,0.64,False,2021.0
COL,heroin,0.0008,0.0018,2.11,False,2022.0
BEL,cannabis,0.0,0.0013,,False,2024.0
BEL,heroin,0.001,0.0013,1.36,False,2021.0
CHN,cannabis,0.0023,0.0,0.0,False,2019.0
MMR,cannabis,0.0,0.0,,False,
