role,n,median,income_adjusted_rank,measure,p_roles,p_transit_vs_offroute
destination,8,1.06,4.04,"Cocaine, past-year use % of adults",0.00016257853272558766,7.451706483911867e-05
off-route,55,0.43,-5.98,"Cocaine, past-year use % of adults",0.00016257853272558766,7.451706483911867e-05
producer,2,0.85,19.01,"Cocaine, past-year use % of adults",0.00016257853272558766,7.451706483911867e-05
transit,14,1.52,19.88,"Cocaine, past-year use % of adults",0.00016257853272558766,7.451706483911867e-05
destination,10,0.31,12.95,"Opiates, past-year use % of adults",0.00133280637405597,0.003013896498715259
off-route,70,0.14,-8.61,"Opiates, past-year use % of adults",0.00133280637405597,0.003013896498715259
producer,3,0.8,35.96,"Opiates, past-year use % of adults",0.00133280637405597,0.003013896498715259
transit,27,0.45,12.89,"Opiates, past-year use % of adults",0.00133280637405597,0.003013896498715259
destination,2,23.74,14.44,"HIV prevalence among people who inject drugs, %",0.36012164775537914,0.3910965152344462
off-route,26,4.0,-1.55,"HIV prevalence among people who inject drugs, %",0.36012164775537914,0.3910965152344462
producer,1,3.3,-3.24,"HIV prevalence among people who inject drugs, %",0.36012164775537914,0.3910965152344462
transit,4,7.14,3.66,"HIV prevalence among people who inject drugs, %",0.36012164775537914,0.3910965152344462
destination,13,10.58,-5.86,"Treatment coverage for drug use disorders, % (SDG 3.5.1)",0.26730839412299884,0.30625866833143467
off-route,46,5.84,1.2,"Treatment coverage for drug use disorders, % (SDG 3.5.1)",0.26730839412299884,0.30625866833143467
producer,6,9.28,16.85,"Treatment coverage for drug use disorders, % (SDG 3.5.1)",0.26730839412299884,0.30625866833143467
transit,31,5.95,-2.58,"Treatment coverage for drug use disorders, % (SDG 3.5.1)",0.26730839412299884,0.30625866833143467
