indicator,destination (median),producer (median),transit (median),kruskal_p,countries
Homicide rate (per 100k),3.03,6.78,3.24,0.26,"{'destination': ['BEL', 'BRA', 'CHN', 'ESP', 'IRN', 'NLD', 'PAN', 'THA', 'TUR', 'USA'], 'producer': ['AFG', 'BOL', 'BRA', 'COL', 'ESP', 'LAO', 'MEX', 'MMR', 'PER'], 'transit': ['AFG', 'BRA', 'CHN', 'ECU', 'IND', 'IRN', 'LAO', 'MEX', 'MMR', 'NLD', 'PAK']}"
Rule of law (-2.5 to 2.5),-0.21,-0.79,-0.84,0.066,"{'destination': ['BEL', 'BRA', 'CHN', 'ESP', 'IRN', 'NLD', 'PAN', 'THA', 'TUR', 'USA'], 'producer': ['AFG', 'BOL', 'BRA', 'COL', 'ESP', 'LAO', 'MEX', 'MMR', 'PER'], 'transit': ['AFG', 'BRA', 'CHN', 'ECU', 'IND', 'IRN', 'LAO', 'MEX', 'MMR', 'NLD', 'PAK']}"
Control of corruption (-2.5 to 2.5),-0.15,-0.79,-0.85,0.065,"{'destination': ['BEL', 'BRA', 'CHN', 'ESP', 'IRN', 'NLD', 'PAN', 'THA', 'TUR', 'USA'], 'producer': ['AFG', 'BOL', 'BRA', 'COL', 'ESP', 'LAO', 'MEX', 'MMR', 'PER'], 'transit': ['AFG', 'BRA', 'CHN', 'ECU', 'IND', 'IRN', 'LAO', 'MEX', 'MMR', 'NLD', 'PAK']}"
"GDP per capita, PPP",29600.58,14663.71,13653.09,0.0085,"{'destination': ['BEL', 'BRA', 'CHN', 'ESP', 'IRN', 'NLD', 'PAN', 'THA', 'TUR', 'USA'], 'producer': ['AFG', 'BOL', 'BRA', 'COL', 'ESP', 'LAO', 'MEX', 'MMR', 'PER'], 'transit': ['AFG', 'BRA', 'CHN', 'ECU', 'IND', 'IRN', 'LAO', 'MEX', 'MMR', 'NLD', 'PAK']}"
Youth unemployment (%),17.39,8.29,10.61,0.31,"{'destination': ['BEL', 'BRA', 'CHN', 'ESP', 'IRN', 'NLD', 'PAN', 'THA', 'TUR', 'USA'], 'producer': ['AFG', 'BOL', 'BRA', 'COL', 'ESP', 'LAO', 'MEX', 'MMR', 'PER'], 'transit': ['AFG', 'BRA', 'CHN', 'ECU', 'IND', 'IRN', 'LAO', 'MEX', 'MMR', 'NLD', 'PAK']}"
Poverty at $3/day (%),1.09,6.34,5.31,0.029,"{'destination': ['BEL', 'BRA', 'CHN', 'ESP', 'IRN', 'NLD', 'PAN', 'THA', 'TUR', 'USA'], 'producer': ['AFG', 'BOL', 'BRA', 'COL', 'ESP', 'LAO', 'MEX', 'MMR', 'PER'], 'transit': ['AFG', 'BRA', 'CHN', 'ECU', 'IND', 'IRN', 'LAO', 'MEX', 'MMR', 'NLD', 'PAK']}"
Health spending per capita (US$),1017.05,358.25,237.97,0.03,"{'destination': ['BEL', 'BRA', 'CHN', 'ESP', 'IRN', 'NLD', 'PAN', 'THA', 'TUR', 'USA'], 'producer': ['AFG', 'BOL', 'BRA', 'COL', 'ESP', 'LAO', 'MEX', 'MMR', 'PER'], 'transit': ['AFG', 'BRA', 'CHN', 'ECU', 'IND', 'IRN', 'LAO', 'MEX', 'MMR', 'NLD', 'PAK']}"
Container port traffic (TEU),10923230.17,5126847.24,8981194.67,0.16,"{'destination': ['BEL', 'BRA', 'CHN', 'ESP', 'IRN', 'NLD', 'PAN', 'THA', 'TUR', 'USA'], 'producer': ['AFG', 'BOL', 'BRA', 'COL', 'ESP', 'LAO', 'MEX', 'MMR', 'PER'], 'transit': ['AFG', 'BRA', 'CHN', 'ECU', 'IND', 'IRN', 'LAO', 'MEX', 'MMR', 'NLD', 'PAK']}"
Trade (% of GDP),61.36,62.03,46.54,0.72,"{'destination': ['BEL', 'BRA', 'CHN', 'ESP', 'IRN', 'NLD', 'PAN', 'THA', 'TUR', 'USA'], 'producer': ['AFG', 'BOL', 'BRA', 'COL', 'ESP', 'LAO', 'MEX', 'MMR', 'PER'], 'transit': ['AFG', 'BRA', 'CHN', 'ECU', 'IND', 'IRN', 'LAO', 'MEX', 'MMR', 'NLD', 'PAK']}"
