indicator,ECU 2015,ECU 2023,change_%
Homicide rate (per 100k),6.45509329915208,45.7228145164847,608.3
Rule of law (-2.5 to 2.5),-1.0396464,-0.9202916,11.5
Control of corruption (-2.5 to 2.5),-0.7222229,-0.7051855,2.4
"GDP per capita, PPP",13881.5700738105,14321.1648295611,3.2
Youth unemployment (%),8.824,7.782,-11.8
Poverty at $3/day (%),4.8,4.7,-2.1
Health spending per capita (US$),464.22186279,509.49414063,9.8
Container port traffic (TEU),1866808.0,2604311.0,39.5
Trade (% of GDP),47.8280397077826,57.1626938264309,19.5
